fitted_values,calibration_values,values
0.469434042577873,0.5,215.518661921321
0.955319240136861,1,421.941277176043
1.44022634170658,1.5,627.948359845927
2.11568369254874,2,914.908476256837
2.50654393508497,2.5,1080.96085626092
3.02917379144233,3,1302.99400792199
3.60456195964697,3.5,1547.44090826825
4.01531551692366,4,1721.94472922061
4.4464317886494,4.5,1905.09941007027
4.91730969128262,5,2105.14635246639
